epoch,time,train/box_loss,train/cls_loss,train/dfl_loss,metrics/precision(B),metrics/recall(B),metrics/mAP50(B),metrics/mAP50-95(B),val/box_loss,val/cls_loss,val/dfl_loss,lr/pg0,lr/pg1,lr/pg2
1,5.44994,0.80977,2.05444,1.15493,1,0.24714,0.57872,0.46673,0.85992,3.1797,1.15781,0.000622222,0.000622222,0.000622222
2,9.90664,0.90274,1.34945,1.24373,1,0.16121,0.81667,0.49939,1.1011,3.04424,1.05634,0.00126337,0.00126337,0.00126337
3,14.2755,0.87885,1.28667,1.21321,0.7547,0.87909,0.88553,0.62606,1.24271,2.16979,1.21108,0.00187812,0.00187812,0.00187812
4,18.6067,0.88474,1.26771,1.17971,0.7145,0.66071,0.68637,0.4634,1.12526,2.61905,1.12812,0.0018812,0.0018812,0.0018812
5,22.8668,0.85145,1.07207,1.15187,0.6996,0.625,0.64688,0.29623,1.24253,6.73613,1.22001,0.0018416,0.0018416,0.0018416
6,27.1083,0.76334,0.90949,1.08473,0.99494,0.98214,0.99089,0.81131,0.72354,1.23265,0.86735,0.001802,0.001802,0.001802
7,31.3961,0.75082,0.86836,1.07456,0.97914,0.83812,0.94193,0.78108,0.76059,1.35883,0.90465,0.0017624,0.0017624,0.0017624
8,35.7719,0.81551,0.92629,1.14857,0.96703,0.64286,0.79081,0.6563,0.8234,1.5982,0.94961,0.0017228,0.0017228,0.0017228
9,40.0578,0.73916,0.75552,1.06801,1,0.99778,0.995,0.85588,0.63385,0.71835,0.84234,0.0016832,0.0016832,0.0016832
10,44.2955,0.73662,0.74366,1.07905,0.99816,0.98214,0.99482,0.86397,0.63552,0.72039,0.84245,0.0016436,0.0016436,0.0016436
11,48.5657,0.72756,0.70505,1.05976,0.85982,0.91071,0.93372,0.55662,1.31341,1.329,1.13767,0.001604,0.001604,0.001604
12,52.9139,0.72154,0.68544,1.07604,0.97205,0.91071,0.98381,0.79806,0.71134,0.78399,0.879,0.0015644,0.0015644,0.0015644
13,57.1832,0.70325,0.64468,1.04758,1,0.99849,0.995,0.82103,0.70374,0.65085,0.87123,0.0015248,0.0015248,0.0015248
14,61.3999,0.68291,0.62619,1.03721,0.99747,0.98214,0.99466,0.83418,0.6871,0.63478,0.86977,0.0014852,0.0014852,0.0014852
15,65.5424,0.74769,0.61802,1.08202,0.99578,0.92857,0.99045,0.79884,0.79834,0.77903,0.89784,0.0014456,0.0014456,0.0014456
16,69.957,0.78881,0.852,1.16638,0.9983,0.98214,0.99482,0.86469,0.58168,0.56055,0.83542,0.001406,0.001406,0.001406
17,74.3323,0.67078,0.56965,1.06715,0.99893,0.98214,0.99418,0.86549,0.59276,0.56459,0.834,0.0013664,0.0013664,0.0013664
18,78.5109,0.67496,0.56958,1.06252,0.87592,0.75,0.86304,0.7365,0.69822,1.32411,0.91104,0.0013268,0.0013268,0.0013268
19,82.6518,0.68277,0.55743,1.03392,0.99765,0.98214,0.99348,0.85354,0.65356,0.54243,0.85655,0.0012872,0.0012872,0.0012872
20,87.0005,0.6414,0.53033,1.0319,0.99472,0.94643,0.99155,0.83469,0.65972,0.53014,0.84382,0.0012476,0.0012476,0.0012476
21,91.2439,0.64878,0.50547,1.01041,1,0.99849,0.995,0.87008,0.57751,0.46045,0.8279,0.001208,0.001208,0.001208
22,95.516,0.61769,0.49141,1.01489,0.99716,0.98214,0.99466,0.84848,0.62257,0.45906,0.84196,0.0011684,0.0011684,0.0011684
23,99.7655,0.62837,0.50353,1.0344,1,0.99921,0.995,0.86313,0.594,0.45236,0.83707,0.0011288,0.0011288,0.0011288
24,103.992,0.64686,0.47884,1.01276,0.99938,0.98214,0.99433,0.87417,0.54665,0.44636,0.82023,0.0010892,0.0010892,0.0010892
25,108.258,0.659,0.49499,1.02307,1,0.99925,0.995,0.85952,0.59173,0.41616,0.82616,0.0010496,0.0010496,0.0010496
26,112.497,0.63463,0.46404,1.04178,0.99865,1,0.995,0.84769,0.5976,0.40005,0.82305,0.00101,0.00101,0.00101
27,116.771,0.63706,0.44848,1.04396,0.99885,1,0.995,0.86191,0.60704,0.41145,0.8405,0.0009704,0.0009704,0.0009704
28,120.91,0.59911,0.43523,1.00579,0.99828,0.98214,0.99433,0.87509,0.56694,0.37066,0.82405,0.0009308,0.0009308,0.0009308
29,125.34,0.59581,0.4379,1.02529,1,0.9771,0.99389,0.86087,0.58805,0.38148,0.82304,0.0008912,0.0008912,0.0008912
30,129.556,0.58871,0.42426,1.02849,0.99809,0.98214,0.99449,0.86912,0.58547,0.39827,0.81394,0.0008516,0.0008516,0.0008516
31,133.673,0.60155,0.43257,1.01336,1,0.99877,0.995,0.86944,0.59337,0.36799,0.83493,0.000812,0.000812,0.000812
32,137.928,0.60036,0.43426,1.01841,0.99378,0.98214,0.99449,0.85456,0.55064,0.39866,0.81977,0.0007724,0.0007724,0.0007724
33,142.129,0.58034,0.42189,0.98033,1,0.95978,0.99319,0.86974,0.58421,0.40595,0.82641,0.0007328,0.0007328,0.0007328
34,146.296,0.56971,0.40463,1.01078,1,0.95813,0.99174,0.86998,0.56504,0.40445,0.82009,0.0006932,0.0006932,0.0006932
35,150.45,0.56045,0.39848,0.99214,0.99804,0.96429,0.98464,0.85029,0.59806,0.43139,0.83442,0.0006536,0.0006536,0.0006536
36,154.771,0.57307,0.39041,0.98991,0.98213,0.98123,0.9943,0.86036,0.56803,0.38816,0.82638,0.000614,0.000614,0.000614
37,159.006,0.54519,0.37781,0.98705,0.9809,0.98214,0.99353,0.87352,0.53764,0.35894,0.81759,0.0005744,0.0005744,0.0005744
38,163.201,0.53878,0.3623,0.98303,0.99695,0.98214,0.99466,0.86717,0.54592,0.34054,0.82078,0.0005348,0.0005348,0.0005348
39,167.355,0.54152,0.36746,0.98781,0.99532,0.98214,0.99449,0.86366,0.56141,0.33548,0.82275,0.0004952,0.0004952,0.0004952
40,171.595,0.54517,0.36291,0.97587,0.98096,0.98214,0.99339,0.86295,0.56644,0.35194,0.81906,0.0004556,0.0004556,0.0004556
41,207.283,0.45347,0.3708,0.94694,0.98045,0.98214,0.98574,0.86227,0.57779,0.39725,0.82468,0.000416,0.000416,0.000416
42,212.75,0.44417,0.35756,0.93069,0.9818,0.96343,0.98336,0.86845,0.57675,0.42207,0.82315,0.0003764,0.0003764,0.0003764
43,218.308,0.42195,0.32144,0.90978,0.97448,0.96429,0.97246,0.85239,0.59427,0.45482,0.82904,0.0003368,0.0003368,0.0003368
44,223.518,0.43538,0.32165,0.90757,0.96287,0.92632,0.97369,0.84066,0.59011,0.47947,0.83043,0.0002972,0.0002972,0.0002972
45,227.838,0.42535,0.31022,0.9079,0.9685,0.91071,0.98246,0.84909,0.57862,0.45106,0.82585,0.0002576,0.0002576,0.0002576
46,232.192,0.41783,0.29751,0.89271,0.97758,0.94643,0.98749,0.86236,0.57223,0.39585,0.82323,0.000218,0.000218,0.000218
47,236.56,0.39862,0.29134,0.89845,0.99196,0.94643,0.99141,0.86909,0.58523,0.37478,0.826,0.0001784,0.0001784,0.0001784
48,240.699,0.38308,0.27768,0.88381,0.9865,0.94643,0.99141,0.87281,0.58076,0.36181,0.82426,0.0001388,0.0001388,0.0001388
49,244.94,0.38866,0.27977,0.90249,0.96484,0.98018,0.99268,0.87204,0.57645,0.35289,0.82332,9.92e-05,9.92e-05,9.92e-05
50,249.137,0.40282,0.27926,0.91,0.98694,0.94643,0.99235,0.87024,0.5759,0.34881,0.82352,5.96e-05,5.96e-05,5.96e-05
